SightingID,EntityID,TimeObserved,City,State,CredibilityScore
1,11,7/9/2021 1:00,Washington,DC,7
2,3,1/5/2020 1:38,Washington,DC,2
3,5,9/10/2019 22:02,Washington,DC,10
4,9,3/10/2019 21:19,South Bend,IN,9
5,11,10/19/2024 1:12,South Bend,IN,2
6,17,4/3/2021 0:56,South Bend,IN,5
7,9,4/27/2025 23:52,Baton Rouge,LA,7
8,16,6/21/2019 22:52,Baton Rouge,LA,7
9,7,5/24/2019 2:46,Baton Rouge,LA,10
10,10,12/13/2023 2:12,Baton Rouge,LA,10
11,7,2/12/2023 18:47,Jeffersonville,IN,6
12,10,6/12/2020 20:47,Jeffersonville,IN,2
13,15,3/30/2023 17:02,Cleveland,OH,8
14,8,2/16/2018 20:01,Omaha,NE,9
15,11,4/27/2024 21:28,Omaha,NE,5
16,10,7/17/2021 17:30,Omaha,NE,7
17,3,9/9/2022 20:44,Charlotte,NC,1
18,14,8/17/2019 22:16,Charlotte,NC,7
19,5,11/10/2025 3:43,Tucson,AZ,5
20,10,5/21/2023 1:48,Tucson,AZ,1
21,2,7/6/2021 21:41,Charlotte,NC,2
22,14,4/2/2025 21:58,Louisville,KY,1
23,14,5/26/2020 4:57,Louisville,KY,1
24,13,7/3/2022 17:11,Spokane,WA,10
25,1,4/28/2020 9:51,Spokane,WA,1
26,6,4/10/2019 16:13,Spokane,WA,4
27,3,12/15/2019 21:34,Spokane,WA,10
28,4,12/1/2022 2:01,Boulder,CO,7
29,2,1/19/2022 21:05,Phoenix,AZ,6
30,15,8/29/2023 0:04,Phoenix,AZ,10
31,5,8/4/2023 2:50,Phoenix,AZ,4
32,9,6/23/2022 2:02,Palatine,IL,8
33,10,1/23/2021 20:47,Palatine,IL,3
34,6,2/17/2021 23:02,Colorado Springs,CO,3
35,17,9/10/2018 23:08,Colorado Springs,CO,10
36,6,10/9/2022 2:36,Colorado Springs,CO,1
37,9,3/5/2025 21:24,Colorado Springs,CO,5
38,4,1/4/2021 22:11,Roanoke,VA,1
39,11,9/30/2020 0:14,Roanoke,VA,5
40,8,9/16/2024 0:42,Roanoke,VA,7
41,16,1/4/2025 7:32,Roanoke,VA,3
42,12,3/17/2020 20:35,Paterson,NJ,4
43,6,3/29/2022 16:25,Paterson,NJ,6
44,2,8/7/2019 21:34,Jacksonville,FL,3
45,2,10/16/2021 0:32,Jacksonville,FL,4
46,12,9/15/2021 6:27,Jacksonville,FL,1
47,14,5/30/2022 21:07,Fort Lauderdale,FL,5
48,6,4/24/2025 20:18,Fort Lauderdale,FL,9
49,1,7/16/2021 18:08,San Francisco,CA,1
50,2,5/29/2021 2:33,San Francisco,CA,1
51,1,10/23/2025 6:57,San Francisco,CA,6
52,8,2/26/2021 22:27,San Francisco,CA,5
53,16,6/2/2024 22:53,San Francisco,CA,4
54,9,8/20/2022 20:59,San Francisco,CA,1
55,9,4/21/2021 20:24,Manchester,NH,10
56,7,5/8/2020 23:20,Manchester,NH,8
57,12,7/17/2019 16:44,Manchester,NH,1
58,4,6/7/2018 21:51,Manchester,NH,4
59,9,6/28/2022 13:15,Anchorage,AK,7
60,9,8/29/2024 3:56,Anchorage,AK,10
61,14,4/15/2018 2:53,Anchorage,AK,5
62,6,3/30/2025 4:27,Youngstown,OH,8
63,13,4/4/2023 22:14,Youngstown,OH,1
64,10,11/22/2023 20:21,Glendale,CA,1
65,17,9/12/2023 20:06,Glendale,CA,10
66,3,4/3/2022 4:50,Boise,ID,8
67,5,11/30/2024 4:07,Boise,ID,4
68,2,6/28/2025 1:31,Boise,ID,1
69,9,2/4/2023 22:50,Detroit,MI,6
70,5,9/21/2021 1:11,Detroit,MI,9
71,1,3/10/2018 0:11,Detroit,MI,9
72,14,6/9/2020 2:10,Milwaukee,WI,6
73,16,10/10/2023 13:51,Milwaukee,WI,10
74,15,3/24/2020 4:32,New York City,NY,10
75,14,8/11/2018 21:54,New York City,NY,8
76,5,4/10/2020 11:47,Denver,CO,3
77,12,6/6/2023 1:17,Denver,CO,7
78,7,1/14/2024 0:00,Denver,CO,7
79,3,8/11/2021 0:35,Albany,NY,10
80,2,6/7/2018 2:00,Albany,NY,10
81,4,11/26/2021 19:44,Albany,NY,5
82,2,8/18/2018 2:22,Detroit,MI,6
83,14,3/17/2024 11:59,Harrisburg,PA,8
84,5,11/14/2023 4:24,Washington,DC,10
85,2,9/29/2024 22:15,Washington,DC,1
86,9,8/20/2020 22:13,Washington,DC,2
87,3,12/9/2023 4:53,Washington,DC,4
88,7,1/20/2020 12:30,Denver,CO,8
89,8,11/28/2024 8:00,Jacksonville,FL,6
90,8,12/8/2020 20:08,Gadsden,AL,2
91,4,7/22/2021 0:12,Gadsden,AL,9
92,1,7/14/2018 22:18,Gadsden,AL,5
93,1,2/4/2023 20:05,Gadsden,AL,9
94,9,12/24/2025 3:35,El Paso,TX,2
95,7,8/12/2023 1:43,El Paso,TX,10
96,1,3/22/2025 21:03,El Paso,TX,1
97,11,10/8/2021 2:18,Corpus Christi,TX,4
98,4,1/26/2018 0:59,Corpus Christi,TX,9
99,16,10/17/2021 23:58,Corpus Christi,TX,10
100,15,5/28/2018 22:48,Olympia,WA,1
101,7,3/26/2021 4:58,San Antonio,TX,5
102,15,1/18/2021 18:44,San Antonio,TX,7
103,17,1/13/2023 1:36,San Antonio,TX,5
104,3,6/27/2018 2:28,San Antonio,TX,9
105,13,4/19/2022 0:34,San Antonio,TX,7
106,10,3/10/2020 4:39,San Antonio,TX,9
107,15,10/2/2024 0:26,Lincoln,NE,4
108,3,10/11/2022 11:46,Lincoln,NE,10
109,13,4/22/2024 23:03,Lincoln,NE,3
110,15,1/21/2023 12:33,Milwaukee,WI,5
111,16,6/15/2018 3:58,Milwaukee,WI,4
112,12,3/6/2023 21:31,Milwaukee,WI,5
113,8,9/9/2024 2:47,Milwaukee,WI,10
114,16,2/6/2025 4:46,Salt Lake City,UT,3
115,13,8/29/2018 23:02,Salt Lake City,UT,8
116,3,8/11/2020 3:51,Salt Lake City,UT,1
117,3,2/8/2020 4:52,Salt Lake City,UT,1
118,2,10/15/2019 14:31,Salt Lake City,UT,5
119,5,4/29/2019 21:01,Louisville,KY,6
120,9,3/15/2024 7:43,Louisville,KY,9
121,2,10/18/2020 22:10,San Antonio,TX,1
122,9,5/14/2022 23:28,San Antonio,TX,8
123,2,8/23/2025 21:23,Shreveport,LA,4
124,14,12/12/2025 20:24,Shreveport,LA,9
125,12,11/23/2020 21:12,Norfolk,VA,3
126,7,3/5/2018 1:56,Norfolk,VA,2
127,13,1/18/2022 4:51,Norfolk,VA,4
128,10,3/6/2024 6:16,Norfolk,VA,3
129,15,2/23/2025 23:47,Atlanta,GA,1
130,3,9/29/2021 23:28,Atlanta,GA,5
131,2,10/7/2018 21:42,Atlanta,GA,3
132,8,10/25/2019 1:25,Cincinnati,OH,2
133,13,4/3/2025 3:30,Trenton,NJ,4
134,11,11/6/2018 3:51,Trenton,NJ,9
135,15,12/11/2022 13:03,Trenton,NJ,5
136,13,11/23/2025 22:18,Buffalo,NY,3
137,5,6/3/2023 20:41,Buffalo,NY,3
138,16,8/18/2020 22:11,Buffalo,NY,1
139,6,4/8/2018 21:10,Albuquerque,NM,8
140,15,4/21/2023 4:32,Albuquerque,NM,2
141,14,12/12/2022 3:48,Detroit,MI,8
142,14,6/11/2019 20:47,Cleveland,OH,6
143,15,5/2/2022 1:44,Dallas,TX,6
144,1,4/14/2025 2:40,Dallas,TX,10
145,17,6/8/2020 22:49,Dallas,TX,2
146,9,8/8/2019 3:54,Columbus,OH,6
147,3,4/20/2020 17:25,Evansville,IN,1
148,4,8/5/2019 2:44,Evansville,IN,2
149,3,11/19/2022 20:07,Evansville,IN,8
150,10,1/15/2024 7:28,Detroit,MI,8
151,14,9/10/2019 0:30,Detroit,MI,8
152,12,3/22/2018 2:27,El Paso,TX,1
153,8,10/10/2023 23:10,El Paso,TX,8
154,4,11/17/2019 4:20,El Paso,TX,4
155,11,3/11/2018 20:45,El Paso,TX,1
156,12,2/22/2020 3:30,New York City,NY,8
157,5,2/28/2021 2:13,New York City,NY,10
158,15,9/10/2018 20:43,New York City,NY,3
159,13,11/23/2022 3:03,Nashville,TN,4
160,4,7/26/2022 1:21,Atlanta,GA,7
161,17,6/6/2020 17:42,Atlanta,GA,9
162,14,10/13/2023 0:17,San Jose,CA,2
163,15,9/29/2024 0:08,San Jose,CA,6
164,13,12/4/2024 2:45,Metairie,LA,5
165,16,9/19/2018 23:26,Metairie,LA,9
166,9,5/16/2019 21:02,Metairie,LA,4
167,16,2/16/2021 0:28,Metairie,LA,2
168,6,3/9/2020 8:34,Jacksonville,FL,8
169,1,12/27/2019 4:13,Jacksonville,FL,9
170,3,4/19/2024 1:37,Arlington,VA,3
171,9,4/27/2022 4:05,Arlington,VA,7
172,10,3/17/2020 20:29,Arlington,VA,9
173,8,4/24/2019 2:13,Los Angeles,CA,9
174,8,2/4/2021 23:14,Los Angeles,CA,6
175,1,1/2/2019 4:24,Los Angeles,CA,2
176,6,3/27/2025 0:30,Los Angeles,CA,8
177,17,6/22/2025 20:54,Monticello,MN,6
178,3,2/25/2025 22:55,Monticello,MN,1
179,13,7/13/2023 5:45,Monticello,MN,10
180,2,10/22/2025 0:56,Monticello,MN,4
181,8,1/18/2023 21:38,Atlanta,GA,4
182,2,11/25/2019 19:12,Atlanta,GA,2
183,12,1/13/2023 21:36,Atlanta,GA,2
184,16,5/28/2022 3:09,Atlanta,GA,10
185,10,8/24/2024 2:09,Pittsburgh,PA,6
186,6,3/16/2022 22:01,Pittsburgh,PA,3
187,8,5/20/2022 23:53,Pittsburgh,PA,9
188,10,8/28/2019 1:11,Pittsburgh,PA,4
189,17,1/9/2021 21:10,Pittsburgh,PA,3
190,5,7/28/2024 1:54,Pittsburgh,PA,6
191,7,6/12/2020 9:16,Atlanta,GA,5
192,1,8/20/2025 0:11,Atlanta,GA,7
193,3,10/11/2019 2:13,Denver,CO,4
194,8,12/11/2023 23:10,Denver,CO,5
195,12,5/29/2021 0:49,New York City,NY,10
196,14,3/19/2022 21:59,New York City,NY,5
197,9,3/26/2018 7:58,New York City,NY,9
198,13,4/2/2023 23:51,Katy,TX,5
199,15,12/15/2021 1:25,Decatur,GA,3
200,11,10/16/2021 20:14,Decatur,GA,8
201,16,7/10/2020 4:54,Decatur,GA,8
202,3,5/24/2020 1:22,Decatur,GA,6
203,8,12/23/2022 20:12,Jacksonville,FL,5
204,5,10/27/2024 12:04,Jacksonville,FL,3
205,3,4/12/2018 23:52,Asheville,NC,4
206,3,7/1/2019 23:16,Asheville,NC,3
207,9,8/22/2022 19:30,Asheville,NC,2
208,11,12/23/2025 3:46,Asheville,NC,5
209,8,3/30/2019 21:28,Asheville,NC,8
210,10,10/25/2019 0:26,Asheville,NC,6
211,16,12/17/2024 5:14,Asheville,NC,5
212,10,5/6/2019 4:14,Kansas City,MO,10
213,5,4/10/2021 4:19,Kansas City,MO,1
214,14,10/16/2024 23:34,Kansas City,MO,1
215,16,4/12/2019 22:37,Garden Grove,CA,10
216,1,4/21/2021 6:50,Garden Grove,CA,3
217,11,8/5/2021 0:02,Garden Grove,CA,7
218,3,10/29/2019 20:12,Birmingham,AL,9
219,15,6/21/2023 2:51,Birmingham,AL,7
220,6,10/18/2025 22:25,Birmingham,AL,2
221,16,6/14/2023 22:21,Birmingham,AL,6
222,14,2/14/2019 2:47,Birmingham,AL,5
223,14,8/26/2023 20:36,Norfolk,VA,3
224,7,2/1/2018 4:21,Miami,FL,1
225,11,3/11/2022 15:59,Toledo,OH,2
226,13,5/4/2022 11:23,Toledo,OH,7
227,5,4/6/2025 4:12,Toledo,OH,10
228,10,2/20/2019 17:11,Santa Monica,CA,5
229,9,10/30/2025 20:58,Santa Monica,CA,2
230,10,1/30/2025 22:07,Santa Monica,CA,8
231,4,10/24/2019 22:19,Oklahoma City,OK,3
232,4,2/15/2024 1:21,Lexington,KY,3
233,6,4/24/2025 3:59,Lexington,KY,8
234,13,3/30/2019 12:47,Lexington,KY,5
235,10,8/25/2019 20:17,Lexington,KY,10
236,15,6/30/2023 2:43,Lexington,KY,4
237,1,7/22/2021 8:37,Lexington,KY,3
238,7,11/2/2021 0:24,Schenectady,NY,6
239,17,8/11/2024 13:54,Schenectady,NY,3
240,2,2/7/2023 21:39,El Paso,TX,1
241,15,8/9/2024 0:09,El Paso,TX,7
242,3,3/3/2019 13:58,El Paso,TX,5
243,2,7/11/2018 16:26,Lakeland,FL,5
244,1,8/3/2020 22:35,Galveston,TX,2
245,13,4/1/2020 2:35,Galveston,TX,9
246,4,2/22/2018 23:03,Louisville,KY,9
247,15,3/6/2020 20:46,Louisville,KY,5
248,4,6/17/2021 10:18,Louisville,KY,7
249,9,10/16/2019 2:09,Seattle,WA,4
250,8,10/17/2024 20:48,Seattle,WA,6
251,3,3/5/2025 4:36,Cincinnati,OH,10
252,5,11/4/2024 3:27,Cincinnati,OH,8
253,17,1/24/2021 15:19,Orlando,FL,3
254,11,12/24/2021 15:36,Orlando,FL,5
255,2,8/23/2018 23:25,Orlando,FL,10
256,15,6/21/2023 4:36,Orlando,FL,5
257,17,11/4/2019 21:43,Orlando,FL,5
258,8,12/21/2018 4:07,Washington,DC,7
259,13,9/16/2021 1:28,Washington,DC,8
260,4,12/5/2021 23:06,Washington,DC,1
261,14,12/10/2021 22:52,Washington,DC,2
262,4,7/20/2021 2:55,Oxnard,CA,6
263,5,12/31/2018 0:12,Oxnard,CA,7
264,2,12/3/2020 2:15,Oxnard,CA,1
265,14,4/22/2023 0:08,Oxnard,CA,6
266,13,5/2/2025 18:47,Oxnard,CA,3
267,17,2/10/2022 8:03,Billings,MT,7
268,3,2/23/2020 20:59,Billings,MT,2
269,13,3/21/2018 0:54,Billings,MT,2
270,9,8/19/2020 1:42,Austin,TX,3
271,11,5/2/2023 18:15,Austin,TX,7
272,7,12/21/2023 21:05,Austin,TX,6
273,15,3/12/2023 2:58,Pittsburgh,PA,3
274,5,12/9/2024 2:54,Pittsburgh,PA,10
275,8,6/24/2025 4:19,Pittsburgh,PA,9
276,4,9/6/2024 11:58,Pittsburgh,PA,1
277,11,8/31/2018 5:43,Pittsburgh,PA,3
278,2,1/16/2018 1:50,San Diego,CA,3
279,12,8/23/2020 21:33,San Diego,CA,5
280,14,10/20/2021 0:53,San Diego,CA,6
281,12,11/20/2018 21:33,Texarkana,TX,5
282,1,9/24/2021 21:16,Texarkana,TX,3
283,13,3/18/2019 3:28,Texarkana,TX,5
284,16,2/14/2022 23:24,New York City,NY,7
285,11,1/29/2025 22:09,New York City,NY,3
286,5,4/7/2021 0:18,Philadelphia,PA,8
287,11,5/17/2025 0:20,Philadelphia,PA,1
288,12,1/10/2023 0:48,Philadelphia,PA,10
289,16,6/21/2021 18:56,Chicago,IL,7
290,3,3/24/2024 6:04,Champaign,IL,9
291,10,4/17/2022 23:13,Laurel,MD,7
292,10,2/8/2022 4:02,Laurel,MD,10
293,15,5/13/2019 1:07,Chicago,IL,2
294,11,8/15/2025 4:38,Chicago,IL,7
295,15,7/31/2018 15:09,Washington,DC,10
296,7,9/12/2023 21:42,Washington,DC,9
297,1,3/28/2023 23:46,Washington,DC,2
298,1,1/18/2025 22:37,Houston,TX,6
299,16,7/23/2022 20:17,Houston,TX,6
300,13,7/12/2022 2:52,Houston,TX,5
